Workbook

Sheet Maturity Scoring
A1: AI Governance Maturity Assessment
A2: Score each domain 1 (Initial) to 5 (Optimised). See 'Maturity Levels' sheet for level definitions.
A4: Domain | B4: Sub-capability | C4: Current Score (1-5) | D4: Target Score (1-5) | E4: Gap | F4: Evidence / Notes
A5: Strategy & Governance Structure | B5: AI Governance Committee established with charter | C5: 3 | D5: 5 | E5: =D5-C5 -> 2
A6: Strategy & Governance Structure | B6: Risk appetite for AI defined and approved | C6: 2 | D6: 4 | E6: =D6-C6 -> 2
A7: Policy & Standards | B7: AI Policy approved and communicated org-wide | C7: 3 | D7: 5 | E7: =D7-C7 -> 2
A8: Policy & Standards | B8: Risk classification model consistently applied | C8: 2 | D8: 4 | E8: =D8-C8 -> 2
A9: Inventory & Classification | B9: Complete, current AI system inventory | C9: 2 | D9: 5 | E9: =D9-C9 -> 3
A10: Inventory & Classification | B10: Shadow AI discovery process in place | C10: 1 | D10: 4 | E10: =D10-C10 -> 3
A11: Risk Management | B11: Use case assessment completed pre-deployment | C11: 3 | D11: 5 | E11: =D11-C11 -> 2
A12: Risk Management | B12: Vendor/third-party AI risk assessment process | C12: 2 | D12: 4 | E12: =D12-C12 -> 2
A13: Human Oversight | B13: Named override authority for high-risk systems | C13: 3 | D13: 5 | E13: =D13-C13 -> 2
A14: Human Oversight | B14: Individual right-to-review process operational | C14: 2 | D14: 4 | E14: =D14-C14 -> 2
A15: Data Governance | B15: Data lineage and lawful basis documented | C15: 2 | D15: 4 | E15: =D15-C15 -> 2
A16: Data Governance | B16: DPIA/FRIA process integrated with AI intake | C16: 2 | D16: 4 | E16: =D16-C16 -> 2
... A24: Training & Culture | B24: Business owners understand their accountability | C24: 2 | D24: 4 | E24: =D24-C24 -> 2

Sheet Domain Summary
A1: Maturity by Domain (Average Current vs Target)
A3: Domain | B3: Avg Current | C3: Avg Target
A4: Strategy & Governance Structure | B4: =AVERAGEIF('Maturity Scoring'!A:A,A4,'Maturity Scoring'!C:C) -> 2.5 | C4: =AVERAGEIF('Maturity Scoring'!A:A,A4,'Maturity Scoring'!D:D) -> 4.5
A5: Policy & Standards | B5: =AVERAGEIF('Maturity Scoring'!A:A,A5,'Maturity Scoring'!C:C) -> 2.5 | C5: =AVERAGEIF('Maturity Scoring'!A:A,A5,'Maturity Scoring'!D:D) -> 4.5
A6: Inventory & Classification | B6: =AVERAGEIF('Maturity Scoring'!A:A,A6,'Maturity Scoring'!C:C) -> 1.5 | C6: =AVERAGEIF('Maturity Scoring'!A:A,A6,'Maturity Scoring'!D:D) -> 4.5
A7: Risk Management | B7: =AVERAGEIF('Maturity Scoring'!A:A,A7,'Maturity Scoring'!C:C) -> 2.5 | C7: =AVERAGEIF('Maturity Scoring'!A:A,A7,'Maturity Scoring'!D:D) -> 4.5
A8: Human Oversight | B8: =AVERAGEIF('Maturity Scoring'!A:A,A8,'Maturity Scoring'!C:C) -> 2.5 | C8: =AVERAGEIF('Maturity Scoring'!A:A,A8,'Maturity Scoring'!D:D) -> 4.5
A9: Data Governance | B9: =AVERAGEIF('Maturity Scoring'!A:A,A9,'Maturity Scoring'!C:C) -> 2 | C9: =AVERAGEIF('Maturity Scoring'!A:A,A9,'Maturity Scoring'!D:D) -> 4
A10: Monitoring & Performance | B10: =AVERAGEIF('Maturity Scoring'!A:A,A10,'Maturity Scoring'!C:C) -> 1 | C10: =AVERAGEIF('Maturity Scoring'!A:A,A10,'Maturity Scoring'!D:D) -> 4
A11: Incident Management | B11: =AVERAGEIF('Maturity Scoring'!A:A,A11,'Maturity Scoring'!C:C) -> 1.5 | C11: =AVERAGEIF('Maturity Scoring'!A:A,A11,'Maturity Scoring'!D:D) -> 4
A12: Documentation & Conformity | B12: =AVERAGEIF('Maturity Scoring'!A:A,A12,'Maturity Scoring'!C:C) -> 1.5 | C12: =AVERAGEIF('Maturity Scoring'!A:A,A12,'Maturity Scoring'!D:D) -> 4.5
A13: Training & Culture | B13: =AVERAGEIF('Maturity Scoring'!A:A,A13,'Maturity Scoring'!C:C) -> 1.5 | C13: =AVERAGEIF('Maturity Scoring'!A:A,A13,'Maturity Scoring'!D:D) -> 4
A15: Overall Maturity Score | B15: =AVERAGE('Maturity Scoring'!C5:C24) -> 1.9

Sheet Maturity Levels
A1: Maturity Level Definitions
A3: Level | B3: Definition
A4: 1 — Initial | B4: Ad hoc or no formal practice. Activity, if any, is reactive and undocumented.
A5: 2 — Developing | B5: Practice exists but is inconsistent, informal, or dependent on individual effort.
A6: 3 — Defined | B6: Documented process exists and is applied for major cases, but not yet organisation-wide.
A7: 4 — Managed | B7: Process is consistently applied, measured, and reported; roles and accountability are clear.
A8: 5 — Optimised | B8: Process is embedded, proactively improved using metrics/lessons learned, and integrated into business-as-usual.
