Workbook

Sheet Risk Monitoring Dashboard
A1: AI Risk Monitoring Dashboard
A2: Live view — all figures calculate from the Risk Data sheet.
A4: Metric | B4: Value | D4: Rating | E4: Count | G4: Category | H4: Avg Score
A5: Total Open Risks | B5: =COUNTIF('Risk Data'!H2:H6,"Open")+COUNTIF('Risk Data'!H2:H6,"In Progress") -> 5 | D5: Critical | E5: =COUNTIF('Risk Data'!G2:G6,"Critical") -> 0 | G5: Fairness/Bias | H5: =IFERROR(AVERAGEIF('Risk Data'!C2:C6,G5,'Risk Data'!F2:F6),0) -> 12
A6: Critical Risks | B6: =COUNTIF('Risk Data'!G2:G6,"Critical") -> 0 | D6: High | E6: =COUNTIF('Risk Data'!G2:G6,"High") -> 4 | G6: Performance | H6: =IFERROR(AVERAGEIF('Risk Data'!C2:C6,G6,'Risk Data'!F2:F6),0) -> 15
A7: High Risks | B7: =COUNTIF('Risk Data'!G2:G6,"High") -> 4 | D7: Medium | E7: =COUNTIF('Risk Data'!G2:G6,"Medium") -> 1 | G7: Security | H7: =IFERROR(AVERAGEIF('Risk Data'!C2:C6,G7,'Risk Data'!F2:F6),0) -> 10
A8: Medium Risks | B8: =COUNTIF('Risk Data'!G2:G6,"Medium") -> 1 | D8: Low | E8: =COUNTIF('Risk Data'!G2:G6,"Low") -> 0 | G8: Third-Party/Vendor | H8: =IFERROR(AVERAGEIF('Risk Data'!C2:C6,G8,'Risk Data'!F2:F6),0) -> 9
A9: Low Risks | B9: =COUNTIF('Risk Data'!G2:G6,"Low") -> 0 | G9: Privacy | H9: =IFERROR(AVERAGEIF('Risk Data'!C2:C6,G9,'Risk Data'!F2:F6),0) -> 0
A10: Average Risk Score | B10: =AVERAGE('Risk Data'!F2:F6) -> 11.6 | G10: Legal/Regulatory | H10: =IFERROR(AVERAGEIF('Risk Data'!C2:C6,G10,'Risk Data'!F2:F6),0) -> 0
A11: Highest Single Risk Score | B11: =MAX('Risk Data'!F2:F6) -> 15

Sheet Risk Data
A1: Risk ID | B1: System ID | C1: Risk Category | D1: Likelihood | E1: Impact | F1: Score | G1: Rating | H1: Status
A2: RISK-001 | B2: ORG-AI-001 | C2: Fairness/Bias | D2: 3 | E2: 4 | F2: =D2*E2 -> 12 | G2: =IF(F2>=16,"Critical",IF(F2>=10,"High",IF(F2>=5,"Medium","Low"))) -> High | H2: Open
A3: RISK-002 | B3: ORG-AI-003 | C3: Performance | D3: 3 | E3: 5 | F3: =D3*E3 -> 15 | G3: =IF(F3>=16,"Critical",IF(F3>=10,"High",IF(F3>=5,"Medium","Low"))) -> High | H3: Open
A4: RISK-003 | B4: ORG-AI-005 | C4: Fairness/Bias | D4: 3 | E4: 4 | F4: =D4*E4 -> 12 | G4: =IF(F4>=16,"Critical",IF(F4>=10,"High",IF(F4>=5,"Medium","Low"))) -> High | H4: In Progress
A5: RISK-004 | B5: ORG-AI-006 | C5: Security | D5: 2 | E5: 5 | F5: =D5*E5 -> 10 | G5: =IF(F5>=16,"Critical",IF(F5>=10,"High",IF(F5>=5,"Medium","Low"))) -> High | H5: Open
A6: RISK-005 | B6: ORG-AI-002 | C6: Third-Party/Vendor | D6: 3 | E6: 3 | F6: =D6*E6 -> 9 | G6: =IF(F6>=16,"Critical",IF(F6>=10,"High",IF(F6>=5,"Medium","Low"))) -> Medium | H6: Open
