Workbook

Sheet Dashboard
A1: AI Inventory Register Pro — Dashboard
A2: Live summary — all figures calculate automatically from the System Register.
A4: Metric | B4: Value | D4: Risk Tier | E4: Count
A5: Total AI Systems | B5: =COUNTA('System Register'!A2:A500) -> 6 | D5: Unacceptable | E5: =COUNTIF('System Register'!H:H,"Unacceptable") -> 0
A6: High-Risk Systems | B6: =COUNTIF('System Register'!H:H,"High") -> 4 | D6: High | E6: =COUNTIF('System Register'!H:H,"High") -> 4
A7: Limited-Risk Systems | B7: =COUNTIF('System Register'!H:H,"Limited") -> 1 | D7: Limited | E7: =COUNTIF('System Register'!H:H,"Limited") -> 1
A8: Minimal-Risk Systems | B8: =COUNTIF('System Register'!H:H,"Minimal") -> 1 | D8: Minimal | E8: =COUNTIF('System Register'!H:H,"Minimal") -> 1
A9: ADM Systems | B9: =COUNTIF('System Register'!G:G,"Y") -> 4
A10: Systems Requiring DPIA | B10: =COUNTIF('System Register'!L:L,"Y") -> 4
A11: DPIAs Complete | B11: =COUNTIF('System Register'!M:M,"Complete") -> 3
A12: Systems Overdue for Review | B12: =COUNTIF('System Register'!T:T,"OVERDUE") -> 3
A13: Systems Due Soon (30 days) | B13: =COUNTIF('System Register'!T:T,"DUE SOON") -> 1
A14: Active Vendors | B14: =COUNTA('Vendor Manager'!A2:A100) -> 3

Sheet System Register
A1: System ID | B1: System Name | C1: Business Owner | D1: Technical Owner | E1: Business Unit | F1: Vendor / In-house | G1: ADM System? (Y/N) | H1: EU AI Act Risk Tier | I1: Regulatory Trigger(s) | J1: Data Categories Processed | K1: Personal Data? (Y/N) | L1: DPIA Required? (Y/N) | M1: DPIA Status | N1: Data Retention Period | O1: Deployment Date | P1: Last Review Date | Q1: Review Frequency (months) | R1: Next Review Due | S1: Days Until Review | T1: Review Status | U1: System Status | V1: High Rank (helper)
A2: ORG-AI-001 | B2: Credit Risk Scoring Model | C2: Head of Consumer Lending | D2: ML Engineering Lead | E2: Retail Banking | F2: In-house | G2: Y | H2: High | I2: EU AI Act Annex III(5)(b) | J2: Financial/credit data | K2: Y | L2: Y | M2: Complete | N2: 7 years post-decision | O2: 2025-03-01 | P2: 2026-04-01 | Q2: 3 | R2: =EDATE(P2,Q2) -> 46204 | S2: =R2-TODAY() -> -2 | T2: =IF(S2<0,"OVERDUE",IF(S2<=30,"DUE SOON","OK")) -> OVERDUE | U2: Active | V2: =IF(H2="High",COUNTIF($H$2:H2,"High"),"") -> 1
A3: ORG-AI-002 | B3: Customer Service Chatbot | C3: Head of Customer Experience | D3: Platform Engineering Lead | E3: Customer Ops | F3: Vendor A | G3: N | H3: Limited | I3: EU AI Act Art. 50 | J3: Contact/interaction data | K3: Y | L3: N | M3: N/A | N3: 2 years | O3: 2024-11-15 | P3: 2026-02-15 | Q3: 6 | R3: =EDATE(P3,Q3) -> 46249 | S3: =R3-TODAY() -> 43 | T3: =IF(S3<0,"OVERDUE",IF(S3<=30,"DUE SOON","OK")) -> OK | U3: Active | V3: =IF(H3="High",COUNTIF($H$2:H3,"High"),"")
A4: ORG-AI-003 | B4: AML Transaction Monitoring System | C4: Head of Financial Crime | D4: Data Science Lead | E4: Compliance | F4: In-house | G4: Y | H4: High | I4: EU AI Act Annex III; AMLD | J4: Transaction/financial data | K4: Y | L4: Y | M4: Complete | N4: 5 years | O4: 2023-06-01 | P4: 2026-05-01 | Q4: 3 | R4: =EDATE(P4,Q4) -> 46235 | S4: =R4-TODAY() -> 29 | T4: =IF(S4<0,"OVERDUE",IF(S4<=30,"DUE SOON","OK")) -> DUE SOON | U4: Active | V4: =IF(H4="High",COUNTIF($H$2:H4,"High"),"") -> 2
A5: ORG-AI-004 | B5: Internal Meeting Summariser | C5: IT Productivity Lead | D5: IT Platform Lead | E5: Corporate IT | F5: Vendor B | G5: N | H5: Minimal | I5: N/A | J5: Meeting audio/text | K5: N | L5: N | M5: N/A | N5: 90 days | O5: 2025-01-10 | P5: 2026-01-10 | Q5: 12 | R5: =EDATE(P5,Q5) -> 46397 | S5: =R5-TODAY() -> 191 | T5: =IF(S5<0,"OVERDUE",IF(S5<=30,"DUE SOON","OK")) -> OK | U5: Active | V5: =IF(H5="High",COUNTIF($H$2:H5,"High"),"")
A6: ORG-AI-005 | B6: Recruitment Screening Tool (TalentBridge Screener) | C6: Head of Talent Acquisition | D6: HR Systems Lead | E6: Human Resources | F6: Vendor C | G6: Y | H6: High | I6: EU AI Act Annex III(4)(a) | J6: Candidate/employment data | K6: Y | L6: Y | M6: In Progress — due 2026-08-01 | N6: 3 years post-decision | O6: 2024-09-01 | P6: 2026-03-01 | Q6: 3 | R6: =EDATE(P6,Q6) -> 46174 | S6: =R6-TODAY() -> -32 | T6: =IF(S6<0,"OVERDUE",IF(S6<=30,"DUE SOON","OK")) -> OVERDUE | U6: Active | V6: =IF(H6="High",COUNTIF($H$2:H6,"High"),"") -> 3
A7: ORG-AI-006 | B7: Voice Biometric Authentication System | C7: Head of Digital Channels | D7: Security Engineering Lead | E7: Digital Banking | F7: Vendor A | G7: Y | H7: High | I7: EU AI Act Annex III(1) | J7: Biometric voice data | K7: Y | L7: Y | M7: Complete | N7: Duration of account + 1 year | O7: 2024-02-01 | P7: 2026-01-15 | Q7: 3 | R7: =EDATE(P7,Q7) -> 46127 | S7: =R7-TODAY() -> -79 | T7: =IF(S7<0,"OVERDUE",IF(S7<=30,"DUE SOON","OK")) -> OVERDUE | U7: Active | V7: =IF(H7="High",COUNTIF($H$2:H7,"High"),"") -> 4

Sheet High-Risk Monitoring
A1: High-Risk AI System Monitoring
A2: Auto-curated view — pulls all systems flagged High risk in the System Register. Update the register; this view reflects it via formula.
A4: System ID | B4: System Name | C4: Business Owner | D4: Next Review Due | E4: Review Status | F4: Human Oversight Named? (Y/N) | G4: Last Incident Logged | H4: Performance Within Threshold? (Y/N) | I4: Notes
A5: =IFERROR(INDEX('System Register'!$A$2:$A$500,MATCH(1,'System Register'!$V$2:$V$500,0)),"") -> ORG-AI-001 | B5: =IFERROR(VLOOKUP(A5,'System Register'!$A:$U,2,FALSE()),"") -> Credit Risk Scoring Model | C5: =IFERROR(VLOOKUP(A5,'System Register'!$A:$U,3,FALSE()),"") -> Head of Consumer Lending | D5: =IFERROR(VLOOKUP(A5,'System Register'!$A:$U,18,FALSE()),"") -> 46204 | E5: =IFERROR(VLOOKUP(A5,'System Register'!$A:$U,20,FALSE()),"") -> OVERDUE | F5: Y | G5: None this quarter | H5: Y
A6: =IFERROR(INDEX('System Register'!$A$2:$A$500,MATCH(2,'System Register'!$V$2:$V$500,0)),"") -> ORG-AI-003 | B6: =IFERROR(VLOOKUP(A6,'System Register'!$A:$U,2,FALSE()),"") -> AML Transaction Monitoring System | C6: =IFERROR(VLOOKUP(A6,'System Register'!$A:$U,3,FALSE()),"") -> Head of Financial Crime | D6: =IFERROR(VLOOKUP(A6,'System Register'!$A:$U,18,FALSE()),"") -> 46235 | E6: =IFERROR(VLOOKUP(A6,'System Register'!$A:$U,20,FALSE()),"") -> DUE SOON | F6: Y | G6: None this quarter | H6: Y
A7: =IFERROR(INDEX('System Register'!$A$2:$A$500,MATCH(3,'System Register'!$V$2:$V$500,0)),"") -> ORG-AI-005 | B7: =IFERROR(VLOOKUP(A7,'System Register'!$A:$U,2,FALSE()),"") -> Recruitment Screening Tool (TalentBridge Screener) | C7: =IFERROR(VLOOKUP(A7,'System Register'!$A:$U,3,FALSE()),"") -> Head of Talent Acquisition | D7: =IFERROR(VLOOKUP(A7,'System Register'!$A:$U,18,FALSE()),"") -> 46174 | E7: =IFERROR(VLOOKUP(A7,'System Register'!$A:$U,20,FALSE()),"") -> OVERDUE | F7: Y | G7: None this quarter | H7: Y
A8: =IFERROR(INDEX('System Register'!$A$2:$A$500,MATCH(4,'System Register'!$V$2:$V$500,0)),"") -> ORG-AI-006 | B8: =IFERROR(VLOOKUP(A8,'System Register'!$A:$U,2,FALSE()),"") -> Voice Biometric Authentication System | C8: =IFERROR(VLOOKUP(A8,'System Register'!$A:$U,3,FALSE()),"") -> Head of Digital Channels | D8: =IFERROR(VLOOKUP(A8,'System Register'!$A:$U,18,FALSE()),"") -> 46127 | E8: =IFERROR(VLOOKUP(A8,'System Register'!$A:$U,20,FALSE()),"") -> OVERDUE | F8: Y | G8: None this quarter | H8: Y
A9: =IFERROR(INDEX('System Register'!$A$2:$A$500,MATCH(5,'System Register'!$V$2:$V$500,0)),"") | B9: =IFERROR(VLOOKUP(A9,'System Register'!$A:$U,2,FALSE()),"") | C9: =IFERROR(VLOOKUP(A9,'System Register'!$A:$U,3,FALSE()),"") | D9: =IFERROR(VLOOKUP(A9,'System Register'!$A:$U,18,FALSE()),"") | E9: =IFERROR(VLOOKUP(A9,'System Register'!$A:$U,20,FALSE()),"") | F9: Y | G9: None this quarter | H9: Y
A10: =IFERROR(INDEX('System Register'!$A$2:$A$500,MATCH(6,'System Register'!$V$2:$V$500,0)),"") | B10: =IFERROR(VLOOKUP(A10,'System Register'!$A:$U,2,FALSE()),"") | C10: =IFERROR(VLOOKUP(A10,'System Register'!$A:$U,3,FALSE()),"") | D10: =IFERROR(VLOOKUP(A10,'System Register'!$A:$U,18,FALSE()),"") | E10: =IFERROR(VLOOKUP(A10,'System Register'!$A:$U,20,FALSE()),"") | F10: Y | G10: None this quarter | H10: Y

Sheet Vendor Manager
A1: Vendor Name | B1: Primary Contact | C1: Contract Start | D1: Contract End | E1: Systems Supplied | F1: Vendor Risk Assessment Status | G1: Vendor Risk Assessment Date | H1: Sub-Processors Disclosed? (Y/N) | I1: Audit Rights in Contract? (Y/N) | J1: Incident Notification SLA (hrs) | K1: Notes
A2: Vendor A | B2: Jane — Account Manager | C2: 2023-01-15 | D2: 2027-01-14 | E2: =COUNTIF('System Register'!F:F,"Vendor A") -> 2 | F2: Complete | G2: 2025-11-01 | H2: Y | I2: Y | J2: 24 | K2: Chatbot + biometric auth platform
A3: Vendor B | B3: Sam — Customer Success | C3: 2024-06-01 | D3: 2026-05-31 | E3: =COUNTIF('System Register'!F:F,"Vendor B") -> 1 | F3: Complete | G3: 2025-09-15 | H3: Y | I3: N | J3: 48 | K3: Contract renewal due — no audit rights clause, flagged for renegotiation
A4: Vendor C | B4: Priya — Partnerships | C4: 2024-09-01 | D4: 2026-08-31 | E4: =COUNTIF('System Register'!F:F,"Vendor C") -> 1 | F4: In Progress — due 2026-08-01 | G4: 2024-09-01 | H4: N | I4: Y | J4: 24 | K4: Sub-processor disclosure outstanding — linked to DPIA in progress

Sheet Data Processing Tracker
A1: System ID | B1: System Name | C1: Data Categories | D1: Lawful Basis | E1: DPIA Status | F1: DPIA Completion Date | G1: Retention Period | H1: Cross-Border Transfer? (Y/N) | I1: Data Subject Rights Process Documented? (Y/N) | J1: Notes
A2: =IFERROR(INDEX('System Register'!$A$2:$A$500,1),"") -> ORG-AI-001 | B2: =IFERROR(VLOOKUP(A2,'System Register'!$A:$U,2,FALSE()),"") -> Credit Risk Scoring Model | C2: =IFERROR(VLOOKUP(A2,'System Register'!$A:$U,10,FALSE()),"") -> Financial/credit data | D2: Legitimate interest / contractual necessity | E2: =IFERROR(VLOOKUP(A2,'System Register'!$A:$U,13,FALSE()),"") -> Complete | G2: =IFERROR(VLOOKUP(A2,'System Register'!$A:$U,14,FALSE()),"") -> 7 years post-decision | H2: N | I2: Y
A3: =IFERROR(INDEX('System Register'!$A$2:$A$500,2),"") -> ORG-AI-002 | B3: =IFERROR(VLOOKUP(A3,'System Register'!$A:$U,2,FALSE()),"") -> Customer Service Chatbot | C3: =IFERROR(VLOOKUP(A3,'System Register'!$A:$U,10,FALSE()),"") -> Contact/interaction data | D3: Legitimate interest / contractual necessity | E3: =IFERROR(VLOOKUP(A3,'System Register'!$A:$U,13,FALSE()),"") -> N/A | G3: =IFERROR(VLOOKUP(A3,'System Register'!$A:$U,14,FALSE()),"") -> 2 years | H3: N | I3: Y
A4: =IFERROR(INDEX('System Register'!$A$2:$A$500,3),"") -> ORG-AI-003 | B4: =IFERROR(VLOOKUP(A4,'System Register'!$A:$U,2,FALSE()),"") -> AML Transaction Monitoring System | C4: =IFERROR(VLOOKUP(A4,'System Register'!$A:$U,10,FALSE()),"") -> Transaction/financial data | D4: Legitimate interest / contractual necessity | E4: =IFERROR(VLOOKUP(A4,'System Register'!$A:$U,13,FALSE()),"") -> Complete | G4: =IFERROR(VLOOKUP(A4,'System Register'!$A:$U,14,FALSE()),"") -> 5 years | H4: N | I4: Y
A5: =IFERROR(INDEX('System Register'!$A$2:$A$500,4),"") -> ORG-AI-004 | B5: =IFERROR(VLOOKUP(A5,'System Register'!$A:$U,2,FALSE()),"") -> Internal Meeting Summariser | C5: =IFERROR(VLOOKUP(A5,'System Register'!$A:$U,10,FALSE()),"") -> Meeting audio/text | D5: Legitimate interest / contractual necessity | E5: =IFERROR(VLOOKUP(A5,'System Register'!$A:$U,13,FALSE()),"") -> N/A | G5: =IFERROR(VLOOKUP(A5,'System Register'!$A:$U,14,FALSE()),"") -> 90 days | H5: N | I5: Y
A6: =IFERROR(INDEX('System Register'!$A$2:$A$500,5),"") -> ORG-AI-005 | B6: =IFERROR(VLOOKUP(A6,'System Register'!$A:$U,2,FALSE()),"") -> Recruitment Screening Tool (TalentBridge Screener) | C6: =IFERROR(VLOOKUP(A6,'System Register'!$A:$U,10,FALSE()),"") -> Candidate/employment data | D6: Legitimate interest / contractual necessity | E6: =IFERROR(VLOOKUP(A6,'System Register'!$A:$U,13,FALSE()),"") -> In Progress — due 2026-08-01 | G6: =IFERROR(VLOOKUP(A6,'System Register'!$A:$U,14,FALSE()),"") -> 3 years post-decision | H6: N | I6: Y
A7: =IFERROR(INDEX('System Register'!$A$2:$A$500,6),"") -> ORG-AI-006 | B7: =IFERROR(VLOOKUP(A7,'System Register'!$A:$U,2,FALSE()),"") -> Voice Biometric Authentication System | C7: =IFERROR(VLOOKUP(A7,'System Register'!$A:$U,10,FALSE()),"") -> Biometric voice data | D7: Legitimate interest / contractual necessity | E7: =IFERROR(VLOOKUP(A7,'System Register'!$A:$U,13,FALSE()),"") -> Complete | G7: =IFERROR(VLOOKUP(A7,'System Register'!$A:$U,14,FALSE()),"") -> Duration of account + 1 year | H7: N | I7: Y

Sheet Audit-Ready Report
A1: AI Inventory — Audit-Ready Summary Report
A2: ="Generated: "&TEXT(TODAY(),"yyyy-mm-dd") -> Generated: 2026-07-03
A3: This sheet is formatted for printing or PDF export as a point-in-time audit artefact. Print area is pre-set to A1:H30.
A5: Portfolio Summary
A6: Total Systems | B6: =Dashboard!B5 -> 6
A7: High-Risk Systems | B7: =Dashboard!B6 -> 4
A8: Systems Overdue for Review | B8: =Dashboard!B12 -> 3
A9: DPIAs Outstanding | B9: =Dashboard!B10-Dashboard!B11 -> 1
A11: Full System Listing
A12: System ID | B12: System Name | C12: Risk Tier | D12: Business Owner | E12: Review Status
A13: =IFERROR(INDEX('System Register'!$A$2:$A$500,1),"") -> ORG-AI-001 | B13: =IFERROR(VLOOKUP(A13,'System Register'!$A:$U,2,FALSE()),"") -> Credit Risk Scoring Model | C13: =IFERROR(VLOOKUP(A13,'System Register'!$A:$U,8,FALSE()),"") -> High | D13: =IFERROR(VLOOKUP(A13,'System Register'!$A:$U,3,FALSE()),"") -> Head of Consumer Lending | E13: =IFERROR(VLOOKUP(A13,'System Register'!$A:$U,20,FALSE()),"") -> OVERDUE
A14: =IFERROR(INDEX('System Register'!$A$2:$A$500,2),"") -> ORG-AI-002 | B14: =IFERROR(VLOOKUP(A14,'System Register'!$A:$U,2,FALSE()),"") -> Customer Service Chatbot | C14: =IFERROR(VLOOKUP(A14,'System Register'!$A:$U,8,FALSE()),"") -> Limited | D14: =IFERROR(VLOOKUP(A14,'System Register'!$A:$U,3,FALSE()),"") -> Head of Customer Experience | E14: =IFERROR(VLOOKUP(A14,'System Register'!$A:$U,20,FALSE()),"") -> OK
A15: =IFERROR(INDEX('System Register'!$A$2:$A$500,3),"") -> ORG-AI-003 | B15: =IFERROR(VLOOKUP(A15,'System Register'!$A:$U,2,FALSE()),"") -> AML Transaction Monitoring System | C15: =IFERROR(VLOOKUP(A15,'System Register'!$A:$U,8,FALSE()),"") -> High | D15: =IFERROR(VLOOKUP(A15,'System Register'!$A:$U,3,FALSE()),"") -> Head of Financial Crime | E15: =IFERROR(VLOOKUP(A15,'System Register'!$A:$U,20,FALSE()),"") -> DUE SOON
A16: =IFERROR(INDEX('System Register'!$A$2:$A$500,4),"") -> ORG-AI-004 | B16: =IFERROR(VLOOKUP(A16,'System Register'!$A:$U,2,FALSE()),"") -> Internal Meeting Summariser | C16: =IFERROR(VLOOKUP(A16,'System Register'!$A:$U,8,FALSE()),"") -> Minimal | D16: =IFERROR(VLOOKUP(A16,'System Register'!$A:$U,3,FALSE()),"") -> IT Productivity Lead | E16: =IFERROR(VLOOKUP(A16,'System Register'!$A:$U,20,FALSE()),"") -> OK
A17: =IFERROR(INDEX('System Register'!$A$2:$A$500,5),"") -> ORG-AI-005 | B17: =IFERROR(VLOOKUP(A17,'System Register'!$A:$U,2,FALSE()),"") -> Recruitment Screening Tool (TalentBridge Screener) | C17: =IFERROR(VLOOKUP(A17,'System Register'!$A:$U,8,FALSE()),"") -> High | D17: =IFERROR(VLOOKUP(A17,'System Register'!$A:$U,3,FALSE()),"") -> Head of Talent Acquisition | E17: =IFERROR(VLOOKUP(A17,'System Register'!$A:$U,20,FALSE()),"") -> OVERDUE
A18: =IFERROR(INDEX('System Register'!$A$2:$A$500,6),"") -> ORG-AI-006 | B18: =IFERROR(VLOOKUP(A18,'System Register'!$A:$U,2,FALSE()),"") -> Voice Biometric Authentication System | C18: =IFERROR(VLOOKUP(A18,'System Register'!$A:$U,8,FALSE()),"") -> High | D18: =IFERROR(VLOOKUP(A18,'System Register'!$A:$U,3,FALSE()),"") -> Head of Digital Channels | E18: =IFERROR(VLOOKUP(A18,'System Register'!$A:$U,20,FALSE()),"") -> OVERDUE
