Workbook

Sheet Gap Assessment
A1: ISO/IEC 42001:2023 — Gap Assessment Tool
A2: Score current-state conformity per clause requirement: 0 = Not in place, 1 = Partially in place, 2 = Fully in place. Gap = 2 - Current.
A4: Clause | B4: Requirement | C4: Current State (0-2) | D4: Evidence / Notes | E4: Gap | F4: Priority | G4: Owner | H4: Target Date
A5: 4.1 | B5: Understanding the organisation and its context is documented | C5: 0 | E5: =2-C5 -> 2 | F5: =IF(E5=2,"High",IF(E5=1,"Medium","Low")) -> High
A6: 4.2 | B6: Needs and expectations of interested parties identified | C6: 0 | E6: =2-C6 -> 2 | F6: =IF(E6=2,"High",IF(E6=1,"Medium","Low")) -> High
A7: 4.3 | B7: Scope of the AIMS defined and documented | C7: 0 | E7: =2-C7 -> 2 | F7: =IF(E7=2,"High",IF(E7=1,"Medium","Low")) -> High
A8: 4.4 | B8: AIMS established, implemented, maintained, and continually improved | C8: 0 | E8: =2-C8 -> 2 | F8: =IF(E8=2,"High",IF(E8=1,"Medium","Low")) -> High
A9: 5.1 | B9: Top management demonstrates leadership and commitment to the AIMS | C9: 0 | E9: =2-C9 -> 2 | F9: =IF(E9=2,"High",IF(E9=1,"Medium","Low")) -> High
A10: 5.2 | B10: AI policy established, communicated, and available | C10: 0 | E10: =2-C10 -> 2 | F10: =IF(E10=2,"High",IF(E10=1,"Medium","Low")) -> High
A11: 5.3 | B11: Roles, responsibilities, and authorities assigned and communicated | C11: 0 | E11: =2-C11 -> 2 | F11: =IF(E11=2,"High",IF(E11=1,"Medium","Low")) -> High
A12: 6.1.2 | B12: AI risk assessment process defined and applied | C12: 0 | E12: =2-C12 -> 2 | F12: =IF(E12=2,"High",IF(E12=1,"Medium","Low")) -> High
A13: 6.1.3 | B13: AI risk treatment process defined and applied | C13: 0 | E13: =2-C13 -> 2 | F13: =IF(E13=2,"High",IF(E13=1,"Medium","Low")) -> High
A14: 6.1.4 | B14: AI system impact assessment process defined | C14: 0 | E14: =2-C14 -> 2 | F14: =IF(E14=2,"High",IF(E14=1,"Medium","Low")) -> High
A15: 6.2 | B15: AI objectives established at relevant functions and levels | C15: 0 | E15: =2-C15 -> 2 | F15: =IF(E15=2,"High",IF(E15=1,"Medium","Low")) -> High
A16: 6.3 | B16: Planning for changes to the AIMS is carried out in a controlled manner | C16: 0 | E16: =2-C16 -> 2 | F16: =IF(E16=2,"High",IF(E16=1,"Medium","Low")) -> High
... A30: 10.2 | B30: Nonconformities are reacted to and corrective action taken | C30: 0 | E30: =2-C30 -> 2 | F30: =IF(E30=2,"High",IF(E30=1,"Medium","Low")) -> High

Sheet Summary
A1: Gap Assessment Summary
A4: Average Current State (0-2 scale) | B4: =AVERAGE('Gap Assessment'!C5:C30) -> 0 | D4: PDCA Stage | E4: Avg Score
A5: Total Gap Points | B5: =SUM('Gap Assessment'!E5:E30) -> 52 | D5: Plan (Cl. 4-6) | E5: =AVERAGE('Gap Assessment'!C5:C16) -> 0
A6: High-Priority Gaps | B6: =COUNTIF('Gap Assessment'!F5:F30,"High") -> 26 | D6: Do (Cl. 7-8) | E6: =AVERAGE('Gap Assessment'!C17:C25) -> 0
A7: Medium-Priority Gaps | B7: =COUNTIF('Gap Assessment'!F5:F30,"Medium") -> 0 | D7: Check (Cl. 9) | E7: =AVERAGE('Gap Assessment'!C26:C28) -> 0
A8: Fully Conformant Clauses | B8: =COUNTIF('Gap Assessment'!C5:C30,2) -> 0 | D8: Act (Cl. 10) | E8: =AVERAGE('Gap Assessment'!C29:C30) -> 0
